[A] Đoạn trích tìm kiếm trang Liên hệ: https://www.sunlife.com.vn/vn/ve-chung-toi/lien-he/ – tên công ty xuất hiện trong đoạn trích, chưa mở trang gốc
[A] Đoạn trích tìm kiếm trang Về chúng tôi: https://www.sunlife.com.vn/vn/ve-chung-toi/ – chưa mở trang gốc
[A]+[D] "Bảo hiểm nhân thọ": đoạn trích https://www.sunlife.com.vn/vn/ve-chung-toi/gioi-thieu-cong-ty/ | phần trong ngoặc "(bảo vệ, sức khỏe, tiết kiệm, đầu tư, hưu trí)": AI TỰ LIỆT KÊ, không có nguồn
⚠ [B] Lấy từ kết quả tìm kiếm báo/trang ngoài, ĐÃ CŨ. Đoạn trích trang Liên hệ https://www.sunlife.com.vn/vn/ve-chung-toi/lien-he/ ghi: "Tầng 29, Tòa nhà Vietcombank Tower, số 05 Công trường Mê Linh, phường Sài Gòn, TP. Hồ Chí Minh" → cần sửa
[C] Kiến thức chung (mã bưu chính TP.HCM), không phải thông tin KH: https://en.wikipedia.org/wiki/Postal_codes_in_Vietnam
[A] Hotline 1800 1786 & (028) 6298 5888: đoạn trích https://www.sunlife.com.vn/vn/ve-chung-toi/lien-he/ | ⚠ [B] Fax (028) 6298 5999: từ bản tóm tắt kết quả tìm kiếm chung, không rõ trang nào, không thấy trên website → nên bỏ
[A] Đoạn trích trang Liên hệ: https://www.sunlife.com.vn/vn/ve-chung-toi/lien-he/
[A] Mốc 2013 & 11/2016: đoạn trích https://www.sunlife.com.vn/vn/ve-chung-toi/gioi-thieu-cong-ty/ và https://www.sunlife.com.vn/vn/ve-chung-toi/tin-tuc-su-kien/2016/tap-doan-tai-chinh-sun-life-hoan-tat-thuong-vu-chuyen-nhuong-25-co-phan-con-lai-tu-cong-ty-pvi-sun-life | [A] Vốn 18.434 tỷ & 18.909 tỷ: tiêu đề bài https://www.sunlife.com.vn/vn/ve-chung-toi/tin-tuc-su-kien/2025/sun-life-viet-nam-tang-von-dieu-le-len-18434-ty-dong/ , https://www.sunlife.com.vn/vn/ve-chung-toi/tin-tuc-su-kien/2026/sun-life-viet-nam-tang-von-dieu-le-len-18909-ty-dong/ | ⚠ [B] Báo chí, không phải website KH: 51%/49%, 01/2016 75% https://vir.com.vn/sun-life-financial-increases-its-stake-in-pvi-sun-life-to-75pc-39513.html ; giấy phép 68 GP/KDBH (tóm tắt tìm kiếm, không rõ trang); 608 tỷ https://thoibaotaichinhvietnam.vn/sun-life-chi-tra-608-ty-dong-quyen-loi-bao-hiem-nam-2025-tang-26-so-voi-2024-194910.html ; 7 sản phẩm https://tuoitre.vn/sun-life-viet-nam-chiem-thi-phan-lon-bao-hiem-huu-tri-tu-nguyen-20260401165801926.htm ; top 3 https://vietnamfinance.vn/sun-life-viet-nam-tang-von-dieu-le-len-tren-18900-ty-dong-vao-top-3-thi-truong-d141265.html
⚠ [B]+[D] Giờ 8:30-17:30 lấy từ tóm tắt tìm kiếm chung; "Thứ 2 - Thứ 6" AI TỰ THÊM. Đoạn trích website: tổng đài 8:00-18:00 T2-T6 https://www.sunlife.com.vn/vn/ve-chung-toi/lien-he/tong-dai-cham-soc-khach-hang/ ; Trung tâm DVKH T2-T6 8:30-12:00 & 13:00-17:30, T7 8:30-12:00 https://www.sunlife.com.vn/vn/ve-chung-toi/lien-he/mang-luoi-trung-tam-dich-vu-khach-hang/ → cần sửa
[A] Giải DVKH 2024 & Great Place To Work 2022–2025: đoạn trích https://www.sunlife.com.vn/vn/ve-chung-toi/cac-giai-thuong/ , https://www.sunlife.com.vn/vn/ve-chung-toi/tin-tuc-su-kien/2023/noi-lam-viec-tot-2023/ | ⚠ [B] Giấy phép 68 GP/KDBH: tóm tắt tìm kiếm chung, không rõ trang | [D] tên "Tạp chí International Finance": AI tự dịch từ "Tạp chí Tài chính Quốc tế"
(Nội dung do team điền) – không có trên website
⚠ [D] "Bancassurance, VD: ACB": AI SUY RA từ một tin tuyển dụng. Nguồn đúng [A]: tiêu đề bài https://www.sunlife.com.vn/vn/ve-chung-toi/tin-tuc-su-kien/2020/sun-life-viet-nam-va-acb-thoa-thuan-doc-quyen-phan-phoi-bao-hiem-nhan-tho/ → nên ghi "ACB – thỏa thuận hợp tác độc quyền phân phối bảo hiểm nhân thọ 15 năm"
Địa chỉ website: https://www.sunlife.com.vn/vn/
[B] Facebook https://www.facebook.com/SunLifeVietnam và Youtube https://www.youtube.com/sunlifevietnam: từ kết quả tìm kiếm chung | [A] đoạn trích https://www.sunlife.com.vn/vn/dich-vu-khach-hang/chuong-trinh-khuyen-mai/2025/ còn liệt kê Instagram https://www.instagram.com/sunlifevn/ và Zalo OA
⚠ [D] AI TỰ NHỚ RA (slogan toàn cầu), KHÔNG CÓ NGUỒN. Đoạn trích website [A]: "Tài chính cho mình. Lạc quan do mình" https://www.sunlife.com.vn/vn/ve-chung-toi/tin-tuc-su-kien/2024/lac-quan-tai-chinh/ → cần sửa
⚠ [D] AI TỰ VIẾT, không khớp website. Thay bằng câu giới thiệu nguyên văn (đã khớp ảnh PM gửi) trên https://www.sunlife.com.vn/vn/ve-chung-toi/
⚠ [D] AI TỰ VIẾT, không khớp website. Thay bằng câu trên https://www.sunlife.com.vn/vn/ve-chung-toi/ và https://www.sunlife.com.vn/vn/ve-chung-toi/gioi-thieu-cong-ty/
⚠ [D]+[B] AI TỰ VIẾT, có trộn số liệu báo chí. Thay bằng câu trên https://www.sunlife.com.vn/vn/ve-chung-toi/ và https://www.sunlife.com.vn/vn/ve-chung-toi/gioi-thieu-cong-ty/
⚠ [D] AI TỰ VIẾT, KHÔNG CÓ NGUỒN. Website không có mục Giá trị cốt lõi → xóa, hỏi KH
⚠ [D] AI TỰ VIẾT, KHÔNG CÓ NGUỒN. Website chỉ có câu Mục đích (đoạn trích https://www.sunlife.com.vn/vn/ve-chung-toi/gioi-thieu-cong-ty/) → hỏi KH
⚠ [B] Lấy từ báo chí (CafeBiz, Mekong ASEAN…), ĐÃ CŨ. Danh sách theo đoạn trích website [A]: https://www.sunlife.com.vn/vn/ve-chung-toi/hoi-dong-thanh-vien/ , https://www.sunlife.com.vn/vn/ve-chung-toi/hoi-dong-thanh-vien/ban-dieu-hanh/ → cần sửa
