Từ,Nghĩa,Phiên âm,Ngôn ngữ,Ví dụ
大,"to, lớn",dà,zh,他们住在大城市。
big,"to, lớn",/bɪɡ/,en,They live in a big city.
小,nhỏ,xiǎo,zh,这个房间太小了。
small,nhỏ,/smɔːl/,en,This room is too small.
好,tốt,hǎo,zh,这是个好主意。
good,tốt,/ɡʊd/,en,That is a good idea.
坏,"xấu, hỏng",huài,zh,今天天气很坏。
bad,"tệ, xấu",/bæd/,en,The weather is bad today.
新,mới,xīn,zh,我买了新手机。
new,mới,/nuː/,en,I bought a new phone.
旧,cũ,jiù,zh,这座楼很旧。
old,"cũ, già",/oʊld/,en,This building is very old.
快,nhanh,kuài,zh,他说得太快了。
fast,nhanh,/fæst/,en,He speaks too fast.
慢,chậm,màn,zh,网络很慢。
slow,chậm,/sloʊ/,en,The internet is very slow.
容易,dễ,róngyì,zh,这个练习很容易。
easy,dễ,/ˈiːzi/,en,This exercise is easy.
难,khó,nán,zh,汉语的声调很难。
difficult,khó,/ˈdɪfɪkəlt/,en,Chinese tones are difficult.
